시도,연도,일산화탄소,질소산화물,황산화물,총부유먼지,미세먼지,초미세먼지,블랙카본,휘발성유기화합물,암모니아
서울특별시,1999,187689188,89735598,13555400,3443186,3188632,-,-,79956250,2479336
서울특별시,2000,193907158,96591381,8390786,3981308,3749690,-,-,85375349,2311820
서울특별시,2001,185166213,105708313,8988763,4756332,4532622,-,-,91768000,5341998
서울특별시,2002,170746245,110353980,7125549,4804442,4636994,-,-,90313105,5235590
서울특별시,2003,166006456,111697812,6719918,4839398,4683121,-,-,86144674,5362456
서울특별시,2004,161153974,103549221,6462396,4585378,4423739,-,-,77694501,5473238
서울특별시,2005,161873459,107257446,8050226,4487166,4310503,-,-,75969938,5408871
서울특별시,2006,159769899,87892856,7275528,3496036,3432990,-,-,68141857,5248553
서울특별시,2007,143110161,113086264,7835290,3996429,3919562,-,-,91458843,10579569
서울특별시,2008,114549997,71493077,5533414,2193957,2116491,-,-,80855134,4725083
서울특별시,2009,145101986,66997807,4325744,2014990,1950741,-,-,77586457,4789248
서울특별시,2010,130292138,71070438,4451248,1996260,1937900,-,-,76234193,4597786
서울특별시,2011,113308974,62066910,5123740,1804773,1742412,1553196.0,-,72053718,4793918
서울특별시,2012,106189660,61771033,4486383,1792928,1727467,1539529.0,-,72692803,4977819
서울특별시,2013,103038526,64021635,5709956,1807192,1735385,1531364.0,-,69762661,4806073
서울특별시,2014,62206030,62349860,3526849,1465494,1423732,1277876.0,750988.0,66289500,4708806
서울특별시,2015,53677893,63196772,5508763,22442234,9162575,2579660.0,793759.0,62916074,4667546
서울특별시,2016,56274801,73042479,4038923,21517525,8570515,2523717.0,808619.0,63098231,3945730
서울특별시,2017,56994468,77096401,1493223,24903997,10552663,2925904.0,976968.0,66947550,3804427
서울특별시,2018,59091323,88318614,1095384,31068615,15129997,3973381.0,1498115.0,72392596,3469369
서울특별시,2019,46566114,71009221,997981,23453497,9682231,2732309.0,931209.0,63689894,3547273
부산광역시,1999,55406177,48093183,21441424,3965413,3046823,-,-,32436946,856164
부산광역시,2000,52333174,50380752,23737813,3945004,3051419,-,-,35154529,773081
부산광역시,2001,55150971,56313579,22783554,4479893,3551770,-,-,37154865,2362552
부산광역시,2002,56935934,65366439,22581878,4668536,3758568,-,-,40919874,2427138
부산광역시,2003,47850165,65044933,23847756,3523912,3027076,-,-,37971952,2143909
부산광역시,2004,50187377,73486147,22553782,3468816,2994195,-,-,35013524,2521857
부산광역시,2005,51202521,68743289,22229790,3847384,3205962,-,-,34640284,2378602
부산광역시,2006,55211067,73939370,34356230,4276881,3485691,-,-,38841547,2356699
부산광역시,2007,52421030,62958934,32879168,3532916,2959168,-,-,40410869,4379592
부산광역시,2008,41448705,48552199,36916717,2574286,2043283,-,-,35640779,2095000
부산광역시,2009,50112388,55910766,32701641,3450688,3280165,-,-,36745501,2280108
부산광역시,2010,42220582,53777541,33458756,3196257,3091857,-,-,41682634,2233353
부산광역시,2011,37742815,52764473,32614636,3243686,3147418,2801555.0,-,44105795,2167710
부산광역시,2012,36880381,54467958,29114926,3239232,3130999,2776457.0,-,43483084,2104599
부산광역시,2013,36078678,53409176,21999685,3077559,2994853,2693298.0,-,42399281,2112438
부산광역시,2014,25559582,44795612,10535654,2494282,2222972,1848762.0,553602.0,40278917,2066510
부산광역시,2015,22019004,43754946,10658814,15680139,6606778,2457506.0,520522.0,42207033,1978058
부산광역시,2016,23387799,49467595,10776548,16684194,6903205,2543738.0,522770.0,40899117,1743921
부산광역시,2017,26433374,51869566,9526216,16666637,6957558,2616892.0,583845.0,42944574,1686241
부산광역시,2018,26661660,49950866,7897187,17031459,6885594,2644114.0,525045.0,42340472,1619633
부산광역시,2019,23918030,48553453,9113190,15029994,6232655,2522829.0,504212.0,35718553,1603047
대구광역시,1999,36611520,31959447,11319489,5155363,3757061,-,-,21329972,682871
대구광역시,2000,39476957,33449031,9251965,2459047,2003721,-,-,24210220,647904
대구광역시,2001,36710520,38068817,8896994,2780335,2313224,-,-,26738280,2226185
대구광역시,2002,32776079,36719722,7510991,2444602,2075576,-,-,26445751,2305816
대구광역시,2003,34442252,39276944,6862639,2478502,2147070,-,-,28287809,2168692
대구광역시,2004,41012618,41445800,5711193,2404605,2153688,-,-,42399642,2443696
대구광역시,2005,38251011,41551721,6814825,2759813,2342754,-,-,31470359,2258534
대구광역시,2006,43146046,39325294,7604736,2680002,2246695,-,-,30691927,2216818
대구광역시,2007,38271846,35210382,5464599,2436153,1993122,-,-,31055622,4194517
대구광역시,2008,33081043,26253119,5052197,1735743,1398799,-,-,26709327,2063775
대구광역시,2009,38182143,23731876,4639494,1707357,1330583,-,-,26726387,2046183
대구광역시,2010,34572210,24052916,4451124,1625925,1268610,-,-,27495090,2076637
대구광역시,2011,33058487,22529218,4226202,1559155,1240074,874495.0,-,27375909,2027365
대구광역시,2012,32290730,24743821,4390295,1731822,1360634,946833.0,-,27890892,2063231
대구광역시,2013,31526787,26936905,3829792,1585185,1310367,976578.0,-,34110019,2069871
대구광역시,2014,21607780,29051953,5120160,3775400,2532341,1479501.0,474147.0,31654192,2050862
대구광역시,2015,20440709,26193151,4184886,9886285,3938881,1380566.0,392253.0,31216200,2099584
대구광역시,2016,19990855,30109730,4187033,10209623,4018715,1409373.0,394851.0,31264349,1780113
대구광역시,2017,18335170,27198307,3489024,10055538,3695588,1267315.0,300346.0,31489732,1713761
대구광역시,2018,17213386,26369636,2595203,10707805,3911124,1293610.0,338163.0,31875289,1668164
대구광역시,2019,16401348,27681047,2291737,9925582,3976378,1334774.0,402754.0,33251476,1651410
인천광역시,1999,39972103,47205661,14696884,2309853,1775946,-,-,41440206,3574056
인천광역시,2000,47184528,51808889,16616778,2662295,2118748,-,-,46662353,4077821
인천광역시,2001,52197269,62571475,14161701,3062954,2514820,-,-,55538549,4747747
인천광역시,2002,48279627,62117792,12685141,3069185,2568683,-,-,52505565,4589830
인천광역시,2003,45911163,66822977,14567719,3546762,2969558,-,-,55809558,5486982
인천광역시,2004,48693667,70379559,10366994,2983281,2635271,-,-,58600172,5801199
인천광역시,2005,45217979,75890470,13447134,3270021,2727864,-,-,52035025,6468694
인천광역시,2006,50697957,80163385,16020088,3152481,2565709,-,-,55281136,5079828
인천광역시,2007,58040668,64851033,17300090,2944496,2465706,-,-,58284676,6890178
인천광역시,2008,47726789,46431940,15429345,2236888,1793426,-,-,54636769,4834974
인천광역시,2009,45030929,45427123,17642729,2424418,2053415,-,-,49219771,5500114
인천광역시,2010,45329019,52832110,18670481,2648437,2303421,-,-,53481358,5563335
인천광역시,2011,41491008,45314666,18515798,2502223,2252258,1910886.0,-,51152727,5564427
인천광역시,2012,40057113,45655216,15883604,2349947,2040649,1673071.0,-,49849840,5534239
인천광역시,2013,41461063,44517735,17310810,2322423,2037217,1697011.0,-,49937694,5590216
인천광역시,2014,37199332,43853036,12420757,1957896,1727295,1439796.0,471756.0,50361981,6726379
인천광역시,2015,38917440,49459595,12854261,21243601,8291521,2729512.0,653665.0,54211319,7332905
인천광역시,2016,37856294,49388689,12368400,18972087,6306482,2247033.0,499969.0,52014491,6958203
인천광역시,2017,47228123,61521824,13302311,25500698,9676489,3131067.0,764977.0,56110229,7460957
인천광역시,2018,42473267,54996410,12165228,22496356,7601495,2701129.0,607477.0,55060920,7166199
인천광역시,2019,39248107,52899388,11301370,20604864,7203494,2548097.0,577208.0,52915041,6676186
광주광역시,1999,22396860,12738149,1767196,615770,576855,-,-,11955873,305378
광주광역시,2000,21464492,14673188,1298745,677401,635602,-,-,15910833,309249
광주광역시,2001,18029495,14223909,1388829,721116,692086,-,-,12121057,1235598
광주광역시,2002,22573328,17465653,1184945,858252,825296,-,-,13992284,1508804
광주광역시,2003,19360000,20594737,1129790,869413,841618,-,-,15272932,1146047
광주광역시,2004,18362831,17054312,1264848,861194,828296,-,-,14248401,1542444
광주광역시,2005,16412867,15074448,1074798,731335,699157,-,-,13229070,1486108
광주광역시,2006,16647186,15767525,1263821,723594,706219,-,-,15494710,1311291
광주광역시,2007,15400739,14243105,1072453,669177,651637,-,-,14787801,2427685
광주광역시,2008,14870225,10745648,1222131,485510,464717,-,-,15529888,1158162
광주광역시,2009,17752672,9953624,1149446,418015,397836,-,-,13211211,1330952
광주광역시,2010,15215573,11705526,1045686,462319,442956,-,-,14910904,1316204
광주광역시,2011,14487372,11076974,932079,454121,435988,373723.0,-,15767834,1130330
광주광역시,2012,14455620,12531186,899467,511374,494176,433788.0,-,16883183,1225870
광주광역시,2013,13869330,12606258,928611,480013,463011,407608.0,-,16474215,1093914
광주광역시,2014,9144697,11594167,348942,362219,353642,318005.0,193410.0,15594310,1097527
광주광역시,2015,9187783,10551674,399268,4962738,1871922,576327.0,171921.0,15628898,1136811
광주광역시,2016,9099924,12951253,351448,5237654,1955128,616643.0,192919.0,16567004,976500
광주광역시,2017,9371267,13864450,221948,5601590,2054415,644708.0,203998.0,17184371,937179
광주광역시,2018,7955525,12270179,172932,5225274,1710002,546285.0,153216.0,15721745,967862
광주광역시,2019,7560309,12587504,135162,5706838,2026225,603759.0,181093.0,16791096,964220
대전광역시,1999,20509899,19015416,3780213,853732,778204,-,-,13719265,372775
대전광역시,2000,20740851,20520429,2847376,887237,837304,-,-,14209229,381620
대전광역시,2001,20182833,21837413,2817954,985334,929561,-,-,16746717,949506
대전광역시,2002,19556350,23003157,2159265,1014153,962014,-,-,17140962,1081950
대전광역시,2003,23975235,25595587,1820462,1185611,1151085,-,-,16059198,1009559
대전광역시,2004,22299285,22496723,1422630,1085239,1052498,-,-,14195277,1137130
대전광역시,2005,23674090,21395845,1591969,944326,906226,-,-,13738351,1130415
대전광역시,2006,24752721,20184001,2602838,857355,832889,-,-,13725663,1088552
대전광역시,2007,22653143,19916922,2381973,847679,819741,-,-,16237708,2079136
대전광역시,2008,21783500,17581896,2729049,710126,464717,-,-,17120647,999554
대전광역시,2009,22990868,15131432,1857500,602922,577318,-,-,16206719,1003729
대전광역시,2010,20260577,14506443,1944887,578683,551933,-,-,16071858,978080
대전광역시,2011,19709141,14616501,1610008,619131,594323,516985.0,-,17959330,904350
대전광역시,2012,18378258,12962106,1320514,520685,497477,431952.0,-,15566022,966440
대전광역시,2013,18124342,13563175,1424471,518312,494369,431991.0,-,15610329,913319
대전광역시,2014,11897441,13491588,926216,399155,384483,343475.0,201468.0,14827964,957423
대전광역시,2015,11891648,13896906,957248,4876821,1912129,656011.0,225840.0,16056722,970078
대전광역시,2016,11498464,15718805,854498,4506089,1616379,605885.0,208855.0,15545104,828160
대전광역시,2017,11306671,15693521,701891,4897492,1702262,618694.0,204292.0,24861009,796192
대전광역시,2018,10659806,16050799,492180,5270663,1908298,653448.0,219448.0,16758270,764088
대전광역시,2019,8901835,14593342,284091,4879206,1645717,569382.0,183285.0,15706247,741792
울산광역시,1999,36018718,62530770,63075735,14160510,9379802,-,-,78640256,13456101
울산광역시,2000,37891204,71037004,68284056,15391221,10213322,-,-,83100546,13810965
울산광역시,2001,32196701,71928638,62207187,15670551,10486765,-,-,85454079,15159909
울산광역시,2002,32571518,67794339,59341729,13336220,8834474,-,-,79310064,15481892
울산광역시,2003,30643998,68077765,58859732,13560703,8918612,-,-,83530136,13012820
울산광역시,2004,31049233,64512462,59230083,13265846,8736509,-,-,84708186,19612274
울산광역시,2005,32591380,63204794,59197528,15151652,9915971,-,-,82827860,25506859
울산광역시,2006,33828571,67242590,64173907,14801296,8924729,-,-,83682821,16187364
울산광역시,2007,34615316,64198170,63110366,16291482,9797367,-,-,96851134,17110702
울산광역시,2008,28736543,52118622,57123535,12861730,7701320,-,-,96626453,15706943
울산광역시,2009,31630295,53392659,63071792,10194137,6490372,-,-,97718178,15120371
울산광역시,2010,31300231,55881815,63340298,11339310,7107691,-,-,78326058,15381937
울산광역시,2011,31094423,54463264,60621315,4484198,3085233,2433638.0,-,82593236,15179079
울산광역시,2012,31481956,59782630,58522306,5111784,3508598,2601947.0,-,91604906,14881492
울산광역시,2013,36185363,59425434,59840705,5319817,3602200,2633442.0,-,91888755,14505269
울산광역시,2014,30855793,50813011,50522185,5760529,3668532,2429804.0,346528.0,89523700,14213658
울산광역시,2015,30456208,47506116,47979411,11885591,5910018,2986783.0,381610.0,98781006,14668233
울산광역시,2016,31657730,51222789,49213764,9887497,4738522,2501624.0,364712.0,96800642,15133565
울산광역시,2017,31218315,48630013,46017854,8845501,4021668,2229405.0,322028.0,93685881,15181569
울산광역시,2018,31399616,48718539,42794244,8932378,4079779,2274013.0,298484.0,91961349,15129468
울산광역시,2019,29284266,50650358,40653723,8381391,3801701,2185188.0,298583.0,89002063,14539946
세종특별자치시,2012,3787511,7196191,99040,345668,343497,315265.0,-,7135931,250804
세종특별자치시,2013,4338096,7729506,128019,345386,343000,315342.0,-,6843495,3020808
세종특별자치시,2014,2734312,3703116,161002,148539,145263,133413.0,83561.0,3357153,3035672
세종특별자치시,2015,4840314,6200844,175504,2865776,1378788,399818.0,155410.0,6175507,3248088
세종특별자치시,2016,5442754,6245180,147533,2938211,1434054,440512.0,168425.0,6738627,3249733
세종특별자치시,2017,5087394,5555732,84204,2559182,1113356,367634.0,133097.0,5795851,2821468
세종특별자치시,2018,4956050,5260258,79732,2500427,1024217,345444.0,122819.0,5961807,2759517
세종특별자치시,2019,4200953,4768190,80588,2450078,916643,306104.0,97566.0,5165164,2836014
경기도,1999,153664354,171527542,40125899,8872258,7765332,-,-,126406216,3387959
경기도,2000,152330937,166386700,37065466,8586699,7585025,-,-,128016506,3168656
경기도,2001,145659068,180858422,40993139,9700497,8614364,-,-,134931316,39720900
경기도,2002,144228657,191377563,39697329,9854744,8877063,-,-,143143757,38976480
경기도,2003,143889206,203289681,39713606,10532523,9416828,-,-,144298562,39496056
경기도,2004,147335574,201078341,31386803,10287474,9346203,-,-,161266428,39005564
경기도,2005,138116391,194875001,32486630,10178235,8945303,-,-,142558481,38435640
경기도,2006,141780201,187061570,32145739,9565229,8660486,-,-,155997851,39120512
경기도,2007,148018853,207460970,27341985,9261746,8474622,-,-,161614405,52490464
경기도,2008,127037376,174227424,22245322,7439800,6826541,-,-,176946371,43366219
경기도,2009,141080368,166459190,20259829,7347485,6741077,-,-,170770226,45618778
경기도,2010,130941839,167869062,19451190,6902228,6383771,-,-,167304034,46189122
경기도,2011,121171139,156611719,16959186,6267646,5834489,5029908.0,-,167338046,38056306
경기도,2012,119093484,166600445,16402096,6600004,6044292,5148662.0,-,173158706,45584974
경기도,2013,120438402,175371958,14922052,6852364,6433026,5606211.0,-,175445960,46044509
경기도,2014,97588595,163061081,15511068,8345461,6762940,5135469.0,2486478.0,167551628,45845822
경기도,2015,129419726,185175588,14810802,83566393,33148220,1.0836427E7,3467592.0,188801424,47301189
경기도,2016,131069778,203654704,15414986,85231328,32899631,1.1126749E7,3544998.0,185130890,46428456
경기도,2017,128925375,184238879,10010546,83409782,31409303,1.0385613E7,3120667.0,191839713,46879192
경기도,2018,136960058,178980916,8859353,84050233,31342317,1.0487681E7,3109508.0,190939659,47387368
경기도,2019,124966694,170700752,9027103,79385968,29917985,9879709.0,2864306.0,188411623,47433711
강원도,1999,34271959,63386512,33676923,10934479,6853139,-,-,14111171,650315
강원도,2000,33897866,66585398,29398641,8641614,5441393,-,-,13994118,574488
강원도,2001,32506194,67783661,27198713,7858589,5055893,-,-,14609650,9723280
강원도,2002,31514547,71772658,25355784,7496776,4503259,-,-,15942234,9783249
강원도,2003,31147875,76571223,24564070,8149166,5033575,-,-,16791755,9985423
강원도,2004,31841578,73605225,21564379,5864880,3748765,-,-,19236377,9910271
강원도,2005,29120961,65078027,20695152,8097835,5051265,-,-,17208643,9966918
강원도,2006,31245252,66449433,21251080,7951693,4495505,-,-,17796897,9800843
강원도,2007,32467966,81098857,23651837,15503482,9484557,-,-,23417610,13125673
강원도,2008,29757219,82969641,34791340,34018342,19892302,-,-,19034694,11685067
강원도,2009,32995440,89004599,43231939,55866702,32941301,-,-,19612743,11925016
강원도,2010,32127144,89857261,46065670,62162010,36611592,-,-,20884150,12655975
강원도,2011,30617933,96365268,54695338,79179662,46124596,2.4306077E7,-,19030579,10417632
강원도,2012,29179325,75759261,21998060,6610608,3870709,2295155.0,-,17932628,11809254
강원도,2013,28473993,76586378,20461013,5851381,3490744,2156545.0,-,18309080,11701820
강원도,2014,24443887,79422296,20384347,9936526,5690513,3160628.0,520268.0,16455441,11863348
강원도,2015,45416977,78689332,16378895,39749174,11869292,5176849.0,735920.0,22487564,11883590
강원도,2016,44559168,83499785,17762424,35770197,9629491,3954064.0,806406.0,25724934,12734912
강원도,2017,50486098,86040779,14123651,36654996,9685976,4113776.0,784373.0,28366162,13804009
강원도,2018,50995652,79834417,13802481,36165196,9771796,4109457.0,748947.0,30262580,14848233
강원도,2019,50746328,74973078,13159489,21853634,9435589,4152589.0,703291.0,29311901,15024310
충청북도,1999,37881702,50652662,21076328,7035170,4839388,-,-,21568227,648179
충청북도,2000,39050098,48709854,17415142,6577280,4495260,-,-,22217771,613454
충청북도,2001,35326400,53236814,18648415,7522792,5013021,-,-,24440016,11121723
충청북도,2002,34276266,53789433,16898266,7111673,4531216,-,-,26460522,11688616
충청북도,2003,34401588,52655345,16341290,6545096,4259743,-,-,24773701,12483368
충청북도,2004,35832309,52147180,13265076,5442259,3333348,-,-,26758597,12760264
충청북도,2005,33932270,48697102,14921171,6059209,3968003,-,-,26232962,12486362
충청북도,2006,36555239,49067686,15475158,6361286,3953762,-,-,27562641,12571208
충청북도,2007,34188482,63760836,15524846,7866537,5097363,-,-,33226253,15505074
충청북도,2008,31434204,61721108,15180094,9538092,6106038,-,-,28773949,14580830
충청북도,2009,35333572,59565635,14253497,7521642,4953109,-,-,29590095,15672210
충청북도,2010,34795970,61650524,14098944,7743391,5102566,-,-,31741304,16292435
충청북도,2011,32186536,59679718,12945797,7846840,5026219,2968371.0,-,31059374,14568414
충청북도,2012,32044297,62178873,12019664,5512313,3603222,2195859.0,-,28411336,17494096
충청북도,2013,31459936,61896634,11942963,4954279,3164288,2002412.0,-,28805958,17382504
충청북도,2014,22936418,62389145,11798148,7670836,4668506,2759626.0,694541.0,27163686,16858818
충청북도,2015,48418460,65429319,10682650,33663057,11015612,4489835.0,954075.0,39711467,17351474
충청북도,2016,47926113,73029056,9067087,31909919,9591219,3889414.0,975918.0,40143492,16673421
충청북도,2017,45204473,67614057,8531842,31892042,9587508,3733213.0,896183.0,41714352,16387931
충청북도,2018,42066531,60898861,7222625,32096166,9461854,3591283.0,852934.0,43144277,16981034
충청북도,2019,39848370,55624336,7180517,23370110,8979133,3469202.0,779642.0,39871710,16568242
충청남도,1999,44431869,137818194,59629490,4962856,3880687,-,-,40851457,4329223
충청남도,2000,50222796,148514516,59731858,5263630,4087089,-,-,41869033,4478330
충청남도,2001,38671217,165113315,59975501,5825001,4490176,-,-,41010146,30611539
충청남도,2002,39723379,177499148,63230756,5536372,4319702,-,-,42357326,29969745
충청남도,2003,40552753,214858071,59309628,5904703,4605147,-,-,44651088,31006751
충청남도,2004,44087214,234957716,62936002,5783922,4568088,-,-,50754390,32203853
충청남도,2005,40903896,207790365,60349283,7315432,5469395,-,-,49120673,33232407
충청남도,2006,46299320,189817833,66473130,8101884,5663276,-,-,54707198,33668591
충청남도,2007,44292748,105296209,51904489,4926112,3814335,-,-,56044126,43501783
충청남도,2008,43531899,114307836,57709645,4805721,3654260,-,-,57367561,40634982
충청남도,2009,53971229,114836042,48243400,4677389,3729015,-,-,58621494,43349761
충청남도,2010,52198147,127176713,50782391,5697372,4445969,-,-,60136244,45376204
충청남도,2011,52307334,125980746,57311586,6270001,5312371,4315546.0,-,61735900,47026733
충청남도,2012,52007913,138729511,83130184,49933975,30818484,1.7742509E7,-,59681544,49713260
충청남도,2013,52430089,143564682,82267202,50440196,30976065,1.7698409E7,-,62739481,45531707
충청남도,2014,51679402,150355910,70720605,20485120,13975687,9265787.0,1664511.0,74984709,47465697
충청남도,2015,64994870,135487185,77465339,66590907,28649591,1.3844754E7,1308021.0,69545095,48227063
충청남도,2016,64146267,134888829,81843094,85216572,38378848,1.8821596E7,1398646.0,73310380,49585305
충청남도,2017,67215321,112876238,69904851,76526681,33243487,1.6020593E7,1306315.0,77362194,52577854
충청남도,2018,65226479,107613430,69989410,81840902,37203474,1.8129171E7,1317944.0,78132426,53162788
충청남도,2019,63943679,96949764,62331997,65442516,31822663,1.5314161E7,1231763.0,74724076,53468905
전라북도,1999,39450484,44588600,17250684,2200461,1983331,-,-,21648548,1415976
전라북도,2000,37580988,45278197,16561166,2155360,1929440,-,-,25634299,692691
전라북도,2001,33766965,45708099,15461677,2648837,2370319,-,-,23800912,22039072
전라북도,2002,32813280,48802500,15165307,2558663,2301232,-,-,24909136,15342250
전라북도,2003,31462341,49395668,15318694,2871889,2509884,-,-,26425718,22875294
전라북도,2004,32546980,49099350,12633245,2906343,2512992,-,-,28796731,24908525
전라북도,2005,29714627,45411708,12163858,2919171,2462684,-,-,24772419,22102078
전라북도,2006,32324078,46691066,12927372,2981665,2559550,-,-,27698389,21669137
전라북도,2007,29594853,42383037,10739434,2036802,1923400,-,-,32450185,31552145
전라북도,2008,25832057,36590998,9299304,1661557,1580220,-,-,30500814,26696917
전라북도,2009,32302570,37223582,9020216,1788208,1717567,-,-,32460009,28538478
전라북도,2010,31441585,40913694,10134671,5524292,3925211,-,-,46184999,30787574
전라북도,2011,29872169,38918669,9569303,4891812,3510472,2105236.0,-,47968306,30661975
전라북도,2012,29321974,38881012,6572159,1796702,1720531,1506023.0,-,65311011,32562542
전라북도,2013,27608883,38536467,6598905,1703173,1623650,1420684.0,-,64774019,31255746
전라북도,2014,22323161,37853400,5597395,1412816,1357233,1194534.0,644397.0,66046209,31271016
전라북도,2015,40372556,36597460,5913016,39892173,9876711,3282022.0,759910.0,69907596,31328153
전라북도,2016,42554080,40857842,6668560,40604963,10327918,3460501.0,824122.0,71302358,32626533
전라북도,2017,45930353,39671638,5526202,39675784,10264533,3537232.0,818317.0,71181916,32741888
전라북도,2018,46256989,38561770,3760826,42097476,10629234,3562598.0,773400.0,69845741,35196862
전라북도,2019,45371267,37704659,4848572,28584283,10869434,3626605.0,769680.0,77927185,35167139
전라남도,1999,47668516,67938042,44928079,6298624,4593852,-,-,64399676,14136357
전라남도,2000,47133115,73024542,53417283,6241342,4356945,-,-,63762781,13802237
전라남도,2001,40832414,79058548,55570916,6828080,4848326,-,-,54125063,39276916
전라남도,2002,40813846,89137448,63640732,8367401,6084817,-,-,59878452,36247274
전라남도,2003,39868761,84282988,56375675,7279342,5167536,-,-,61975321,40062187
전라남도,2004,37841984,98485186,58023936,7858437,5655694,-,-,62522884,37574019
전라남도,2005,35274474,92670023,65347555,8141174,5665635,-,-,68883888,37007725
전라남도,2006,37401089,94777270,67016637,8111270,5568193,-,-,72016011,36095647
전라남도,2007,36225328,98207085,71892253,42011883,25351528,-,-,77137452,40010228
전라남도,2008,33054438,94433067,83488233,54874669,32846676,-,-,77244428,35939629
전라남도,2009,40274945,92755137,68725365,33887356,21066694,-,-,75041718,38116710
전라남도,2010,40760391,100648078,76075885,38760368,24085449,-,-,72048389,40728780
전라남도,2011,39534929,103860614,89197751,48273943,29662943,1.7457182E7,-,76253792,40964452
전라남도,2012,38494537,102611693,77776592,28898462,18358930,1.1606837E7,-,77308235,46360975
전라남도,2013,37694458,103466456,69084778,32849424,20508212,1.2387981E7,-,76036082,40374138
전라남도,2014,34003081,101453328,62920642,39169633,23844273,1.3833152E7,1016688.0,73803392,37947113
전라남도,2015,65661728,104036778,64648517,80941155,33854363,1.614047E7,1202167.0,85226324,39699914
전라남도,2016,63481436,105776304,62171183,73091637,29095759,1.3612825E7,1187909.0,87207770,40966522
전라남도,2017,67863296,103750181,56844241,66102949,24592550,1.1272204E7,1130197.0,90720107,41490626
전라남도,2018,64643232,105268745,58621175,71464132,28206197,1.3155832E7,1129608.0,88957759,43726932
전라남도,2019,63633909,98254150,48937746,53346336,24977703,1.1204663E7,1123358.0,97641014,44230138
경상북도,1999,64463678,91306928,48854310,9596758,7112581,-,-,42501235,2009013
경상북도,2000,63083565,86889349,45825387,9741151,7150502,-,-,43859964,1671076
경상북도,2001,56370643,89902666,45208668,9560068,7187845,-,-,45318646,25027936
경상북도,2002,54152100,81598189,37342102,7672984,6057760,-,-,41483985,25070728
경상북도,2003,54902576,85668863,38497984,8319195,6315220,-,-,47093634,25955773
경상북도,2004,55695646,80347919,33791243,7435981,5582122,-,-,46387233,25157614
경상북도,2005,55187481,83732606,37086677,7542641,5737057,-,-,46916759,26432203
경상북도,2006,61120951,87832247,38291253,7626868,5906635,-,-,50820432,25917052
경상북도,2007,58729506,99821846,39689994,26890036,16923491,-,-,52904124,33218948
경상북도,2008,56355272,97455031,37904595,31793103,19780333,-,-,53392901,31102938
경상북도,2009,66267445,89941356,31901587,19151363,12567046,-,-,57779274,31875198
경상북도,2010,62829379,97759276,33758919,24726630,15848145,-,-,61491404,32679376
경상북도,2011,59615501,90745262,36204921,29249991,18309396,1.0966702E7,-,50864095,30510533
경상북도,2012,58673736,102349768,45091845,54375094,32859491,1.8543283E7,-,51451494,33630872
경상북도,2013,56979869,100012453,46345713,54785798,33090771,1.8546289E7,-,52455268,33148589
경상북도,2014,47142760,95824360,31178216,37318492,22761254,1.2895148E7,1484282.0,49628653,33266515
경상북도,2015,94249353,100731090,36364065,104747802,44264566,2.1255289E7,2156033.0,82388954,33211761
경상북도,2016,92674341,109745704,39361144,108065786,46290439,2.2670318E7,2231870.0,85068475,34251766
경상북도,2017,95299387,102250577,35573264,97910040,40585956,1.9738209E7,2045793.0,86669576,36948054
경상북도,2018,96585111,104097649,37717738,107358028,45299533,2.2006791E7,2055265.0,89303873,36543850
경상북도,2019,90108899,98050610,33110631,79540793,38448756,1.855979E7,1843849.0,85514557,36810728
경상남도,1999,53770091,121050890,86652047,3877728,3235519,-,-,49245281,1020789
경상남도,2000,54093439,136923551,98191522,4340510,3582771,-,-,58018756,967404
경상남도,2001,52556110,154337590,100425311,5053430,4220996,-,-,65919074,17967997
경상남도,2002,51996534,132569571,97318297,4982795,4243030,-,-,61427551,17941765
경상남도,2003,51637221,185307390,102444214,5753056,4793761,-,-,64086644,17979561
경상남도,2004,49800539,182291574,103958842,5301380,4433430,-,-,69708341,18461076
경상남도,2005,48179739,163047561,50716451,6942149,5479320,-,-,71422898,18465492
경상남도,2006,51591731,157125278,56164687,7159695,5415249,-,-,76773582,18502112
경상남도,2007,51174728,104159173,28767866,4797373,4005560,-,-,82354593,24825226
경상남도,2008,46089407,100654208,30679083,4269093,3547299,-,-,81447619,23074443
경상남도,2009,55053536,83847618,24079557,4000121,3515085,-,-,83470804,23971992
경상남도,2010,52233032,79722378,21600984,3758121,3244278,-,-,91461605,25750775
경상남도,2011,50822971,90671152,30954426,4542261,4299430,3667876.0,-,97334666,25094680
경상남도,2012,51342697,97580992,37354479,12923456,9131563,6131122.0,-,105782358,26365470
경상남도,2013,47055379,96678630,38685438,12561499,8784603,5856664.0,-,100589519,25640028
경상남도,2014,39337751,96424600,29961651,3127214,3051603,2665186.0,1140958.0,96702272,25472957
경상남도,2015,54947931,94311407,31433554,48674291,14786168,6107309.0,1278851.0,101231790,24298256
경상남도,2016,55630016,102052618,30913760,47846216,14024178,5547719.0,1420166.0,107783158,25388962
경상남도,2017,52201829,84338168,26859797,48163302,12502770,4936785.0,1161461.0,96276878,25370291
경상남도,2018,49198641,73050059,22596196,45799289,11984146,4726004.0,1031456.0,89168391,26920346
경상남도,2019,45298773,65023409,16623523,30063980,11298246,4330751.0,941926.0,90865499,27303888
제주특별자치도,1999,10971963,12775771,2886035,552398,484024,-,-,4832334,219672
제주특별자치도,2000,10177489,12071128,2726838,549998,480880,-,-,4919144,203646
제주특별자치도,2001,9753025,12369106,3006614,621090,546032,-,-,5137894,3939693
제주특별자치도,2002,9809243,12897041,2846303,588044,519933,-,-,5415984,4929469
제주특별자치도,2003,9362607,13000584,2772194,582222,517210,-,-,5282056,5126260
제주특별자치도,2004,9213425,12588856,2232673,549079,486197,-,-,4949248,5148278
제주특별자치도,2005,9264074,12303790,2289148,521440,455523,-,-,5393807,4382180
제주특별자치도,2006,7566331,11631830,3445886,412473,377314,-,-,4925677,4868876
제주특별자치도,2007,9656205,11270073,2968321,497591,461821,-,-,6463316,6725996
제주특별자치도,2008,8372510,9567947,2676449,404142,369852,-,-,6028630,7055209
제주특별자치도,2009,9899053,10139547,2623072,444657,424142,-,-,6401719,7062395
제주특별자치도,2010,9750911,11785730,2410333,479386,456172,-,-,6903544,7158395
제주특별자치도,2011,11323780,14549261,2477386,620456,598643,511937.0,-,10515139,7347271
제주특별자치도,2012,9906962,11404990,2583508,489614,469759,398713.0,-,7177816,7937134
제주특별자치도,2013,9918769,12290354,3180118,532074,511456,440391.0,-,7390791,7782201
제주특별자치도,2014,9559571,13363721,1858239,465577,449284,392865.0,209116.0,7167159,7646036
제주특별자치도,2015,12013058,14296277,1703360,9519338,3584078,1047952.0,252715.0,9318764,7756537
제주특별자치도,2016,13006623,18692063,2106252,10570662,4025641,1214971.0,296882.0,10776450,8021723
제주특별자치도,2017,11709569,17036506,2044059,9855743,3469169,1053764.0,234289.0,9189799,7688237
제주특별자치도,2018,11130074,17284695,1835756,10027606,3495486,1065148.0,223209.0,8999552,7655447
제주특별자치도,2019,10516092,17026851,1618722,8980579,3104089,990538.0,193129.0,8243397,7724320
바다,2014,44233934,75942532,9668565,2898352,2898352,2712539.0,489288.0,14411643,6856
바다,2015,45850100,82213645,10173750,3055361,3055361,2859386.0,523337.0,14958963,7409
바다,2016,44787169,87965886,11704253,3279093,3279093,3060663.0,552779.0,14653503,7890
바다,2017,46609722,90553657,11274738,3360531,3360531,3138077.0,567642.0,15244700,8156
바다,2018,45327175,85738845,9281842,3348673,3348673,3122543.0,556598.0,14809015,7702
바다,2019,47332678,89811760,11162477,3527102,3527102,3287811.0,583860.0,15465279,8054
